day,exercise,sets,reps,weight,notes
Day 1 - Full Body A,Back Squat,3,5-8,60,Brace hard; hit depth
Day 1 - Full Body A,Barbell Bench Press,3,6-10,50,Pause 1s on chest
Day 1 - Full Body A,Seated Cable Row,3,8-12,40,Squeeze shoulder blades
Day 1 - Full Body A,Dumbbell Shoulder Press,3,8-12,16,Each hand
Day 1 - Full Body A,Plank,3,30-45,0,Bodyweight; log seconds as reps
Day 2 - Full Body B,Romanian Deadlift,3,6-10,60,Hinge at hips; flat back
Day 2 - Full Body B,Incline Dumbbell Press,3,8-12,20,Each hand
Day 2 - Full Body B,Lat Pulldown,3,8-12,45,Pull to upper chest
Day 2 - Full Body B,Walking Lunge,3,10-12,12,Each hand; per leg reps
Day 2 - Full Body B,Dumbbell Bicep Curl,2,10-12,10,Each hand
Day 3 - Full Body C,Conventional Deadlift,3,3-5,80,Reset each rep
Day 3 - Full Body C,Overhead Press,3,6-8,30,Squeeze glutes
Day 3 - Full Body C,Chest Supported Row,3,8-12,30,Control the lowering
Day 3 - Full Body C,Leg Press,3,10-15,100,Full range
Day 3 - Full Body C,Triceps Rope Pushdown,2,10-15,25,Elbows pinned
